diseases,fever,cough,headache,body_pain,fatigue,sore_throat,chills,shortness_of_breath,diarrhea,nausea,vomiting,runny_nose,congestion,muscle_pain,joint_pain,rash,itching,difficulty_breathing,chest_pain,anxiety,dizziness,weakness,loss_of_appetite,abdominal_pain,constipation,indigestion,sweating,chilled,stiff_neck
Flu,0,0,0,0,0,0,0,0,1,1,0,0,0,0,0,1,0,1,0,1,0,0,0,1,1,0,0,1,0
Flu,0,0,0,0,0,0,0,0,1,1,0,0,0,0,0,1,0,1,0,1,0,0,0,1,1,0,0,1,0
Flu,0,0,0,0,0,0,0,0,1,1,0,0,0,0,0,1,0,1,0,1,0,0,0,1,1,0,0,1,0
Flu,0,0,0,0,0,0,0,0,1,1,0,0,0,0,0,1,0,1,0,1,0,0,0,1,1,0,0,1,0
Flu,0,0,0,0,0,0,0,0,1,1,0,0,0,0,0,1,0,1,0,1,0,0,0,1,1,0,0,1,0
Flu,0,0,0,0,0,0,0,0,1,1,0,0,0,0,0,1,0,1,0,1,0,0,0,1,1,0,0,1,0
Flu,0,0,0,0,0,0,0,0,1,1,0,0,0,0,0,1,0,1,0,1,0,0,0,1,1,0,0,1,0
Flu,0,0,0,0,0,0,0,0,1,1,0,0,0,0,0,1,0,1,0,1,0,0,0,1,1,0,0,1,0
Flu,0,0,0,0,0,0,0,0,1,1,0,0,0,0,0,1,0,1,0,1,0,0,0,1,1,0,0,1,0
Flu,0,0,0,0,0,0,0,0,1,1,0,0,0,0,0,1,0,1,0,1,0,0,0,1,1,0,0,1,0
Flu,0,0,0,0,0,0,0,0,1,1,0,0,0,0,0,1,0,1,0,1,0,0,0,1,1,0,0,1,0
Flu,0,0,0,0,0,0,0,0,1,1,0,0,0,0,0,1,0,1,0,1,0,0,0,1,1,0,0,1,0
Flu,0,0,0,0,0,0,0,0,1,1,0,0,0,0,0,1,0,1,0,1,0,0,0,1,1,0,0,1,0
Flu,0,0,0,0,0,0,0,0,1,1,0,0,0,0,0,1,0,1,0,1,0,0,0,1,1,0,0,1,0
Flu,0,0,0,0,0,0,0,0,1,1,0,0,0,0,0,1,0,1,0,1,0,0,0,1,1,0,0,1,0
Flu,0,0,0,0,0,0,0,0,1,1,0,0,0,0,0,1,0,1,0,1,0,0,0,1,1,0,0,1,0
Flu,0,0,0,0,0,0,0,0,1,1,0,0,0,0,0,1,0,1,0,1,0,0,0,1,1,0,0,1,0
Flu,0,0,0,0,0,0,0,0,1,1,0,0,0,0,0,1,0,1,0,1,0,0,0,1,1,0,0,1,0
Flu,0,0,0,0,0,0,0,0,1,1,0,0,0,0,0,1,0,1,0,1,0,0,0,1,1,0,0,1,0
Flu,0,0,0,0,0,0,0,0,1,1,0,0,0,0,0,1,0,1,0,1,0,0,0,1,1,0,0,1,0
Flu,0,0,0,0,0,0,0,0,1,1,0,0,0,0,0,1,0,1,0,1,0,0,0,1,1,0,0,1,0
Flu,0,0,0,0,0,0,0,0,1,1,0,0,0,0,0,1,0,1,0,1,0,0,0,1,1,0,0,1,0
Flu,0,0,0,0,0,0,0,0,1,1,0,0,0,0,0,1,0,1,0,1,0,0,0,1,1,0,0,1,0
Flu,0,0,0,0,0,0,0,0,1,1,0,0,0,0,0,1,0,1,0,1,0,0,0,1,1,0,0,1,0
Flu,0,0,0,0,0,0,0,0,1,1,0,0,0,0,0,1,0,1,0,1,0,0,0,1,1,0,0,1,0
Flu,0,0,0,0,0,0,0,0,1,1,0,0,0,0,0,1,0,1,0,1,0,0,0,1,1,0,0,1,0
COVID-19,1,0,0,0,0,1,0,1,0,0,1,0,0,0,0,0,1,0,0,0,0,0,0,0,0,1,0,1,0
COVID-19,1,0,0,0,0,1,0,1,0,0,1,0,0,0,0,0,1,0,0,0,0,0,0,0,0,1,0,1,0
COVID-19,1,0,0,0,0,1,0,1,0,0,1,0,0,0,0,0,1,0,0,0,0,0,0,0,0,1,0,1,0
COVID-19,1,0,0,0,0,1,0,1,0,0,1,0,0,0,0,0,1,0,0,0,0,0,0,0,0,1,0,1,0
COVID-19,1,0,0,0,0,1,0,1,0,0,1,0,0,0,0,0,1,0,0,0,0,0,0,0,0,1,0,1,0
COVID-19,1,0,0,0,0,1,0,1,0,0,1,0,0,0,0,0,1,0,0,0,0,0,0,0,0,1,0,1,0
COVID-19,1,0,0,0,0,1,0,1,0,0,1,0,0,0,0,0,1,0,0,0,0,0,0,0,0,1,0,1,0
COVID-19,1,0,0,0,0,1,0,1,0,0,1,0,0,0,0,0,1,0,0,0,0,0,0,0,0,1,0,1,0
COVID-19,1,0,0,0,0,1,0,1,0,0,1,0,0,0,0,0,1,0,0,0,0,0,0,0,0,1,0,1,0
COVID-19,1,0,0,0,0,1,0,1,0,0,1,0,0,0,0,0,1,0,0,0,0,0,0,0,0,1,0,1,0
COVID-19,1,0,0,0,0,1,0,1,0,0,1,0,0,0,0,0,1,0,0,0,0,0,0,0,0,1,0,1,0
COVID-19,1,0,0,0,0,1,0,1,0,0,1,0,0,0,0,0,1,0,0,0,0,0,0,0,0,1,0,1,0
COVID-19,1,0,0,0,0,1,0,1,0,0,1,0,0,0,0,0,1,0,0,0,0,0,0,0,0,1,0,1,0
COVID-19,1,0,0,0,0,1,0,1,0,0,1,0,0,0,0,0,1,0,0,0,0,0,0,0,0,1,0,1,0
COVID-19,1,0,0,0,0,1,0,1,0,0,1,0,0,0,0,0,1,0,0,0,0,0,0,0,0,1,0,1,0
COVID-19,1,0,0,0,0,1,0,1,0,0,1,0,0,0,0,0,1,0,0,0,0,0,0,0,0,1,0,1,0
COVID-19,1,0,0,0,0,1,0,1,0,0,1,0,0,0,0,0,1,0,0,0,0,0,0,0,0,1,0,1,0
COVID-19,1,0,0,0,0,1,0,1,0,0,1,0,0,0,0,0,1,0,0,0,0,0,0,0,0,1,0,1,0
COVID-19,1,0,0,0,0,1,0,1,0,0,1,0,0,0,0,0,1,0,0,0,0,0,0,0,0,1,0,1,0
COVID-19,1,0,0,0,0,1,0,1,0,0,1,0,0,0,0,0,1,0,0,0,0,0,0,0,0,1,0,1,0
COVID-19,1,0,0,0,0,1,0,1,0,0,1,0,0,0,0,0,1,0,0,0,0,0,0,0,0,1,0,1,0
COVID-19,1,0,0,0,0,1,0,1,0,0,1,0,0,0,0,0,1,0,0,0,0,0,0,0,0,1,0,1,0
COVID-19,1,0,0,0,0,1,0,1,0,0,1,0,0,0,0,0,1,0,0,0,0,0,0,0,0,1,0,1,0
COVID-19,1,0,0,0,0,1,0,1,0,0,1,0,0,0,0,0,1,0,0,0,0,0,0,0,0,1,0,1,0
COVID-19,1,0,0,0,0,1,0,1,0,0,1,0,0,0,0,0,1,0,0,0,0,0,0,0,0,1,0,1,0
COVID-19,1,0,0,0,0,1,0,1,0,0,1,0,0,0,0,0,1,0,0,0,0,0,0,0,0,1,0,1,0
COVID-19,1,0,0,0,0,1,0,1,0,0,1,0,0,0,0,0,1,0,0,0,0,0,0,0,0,1,0,1,0
COVID-19,1,0,0,0,0,1,0,1,0,0,1,0,0,0,0,0,1,0,0,0,0,0,0,0,0,1,0,1,0
COVID-19,1,0,0,0,0,1,0,1,0,0,1,0,0,0,0,0,1,0,0,0,0,0,0,0,0,1,0,1,0
Common_Cold,1,0,1,0,0,0,0,0,0,0,1,0,0,0,1,0,0,0,1,0,0,1,0,0,0,0,0,1,0
Common_Cold,1,0,1,0,0,0,0,0,0,0,1,0,0,0,1,0,0,0,1,0,0,1,0,0,0,0,0,1,0
Common_Cold,1,0,1,0,0,0,0,0,0,0,1,0,0,0,1,0,0,0,1,0,0,1,0,0,0,0,0,1,0
Common_Cold,1,0,1,0,0,0,0,0,0,0,1,0,0,0,1,0,0,0,1,0,0,1,0,0,0,0,0,1,0
Common_Cold,1,0,1,0,0,0,0,0,0,0,1,0,0,0,1,0,0,0,1,0,0,1,0,0,0,0,0,1,0
Common_Cold,1,0,1,0,0,0,0,0,0,0,1,0,0,0,1,0,0,0,1,0,0,1,0,0,0,0,0,1,0
Common_Cold,1,0,1,0,0,0,0,0,0,0,1,0,0,0,1,0,0,0,1,0,0,1,0,0,0,0,0,1,0
Common_Cold,1,0,1,0,0,0,0,0,0,0,1,0,0,0,1,0,0,0,1,0,0,1,0,0,0,0,0,1,0
Common_Cold,1,0,1,0,0,0,0,0,0,0,1,0,0,0,1,0,0,0,1,0,0,1,0,0,0,0,0,1,0
Common_Cold,1,0,1,0,0,0,0,0,0,0,1,0,0,0,1,0,0,0,1,0,0,1,0,0,0,0,0,1,0
Common_Cold,1,0,1,0,0,0,0,0,0,0,1,0,0,0,1,0,0,0,1,0,0,1,0,0,0,0,0,1,0
Common_Cold,1,0,1,0,0,0,0,0,0,0,1,0,0,0,1,0,0,0,1,0,0,1,0,0,0,0,0,1,0
Common_Cold,1,0,1,0,0,0,0,0,0,0,1,0,0,0,1,0,0,0,1,0,0,1,0,0,0,0,0,1,0
Common_Cold,1,0,1,0,0,0,0,0,0,0,1,0,0,0,1,0,0,0,1,0,0,1,0,0,0,0,0,1,0
Common_Cold,1,0,1,0,0,0,0,0,0,0,1,0,0,0,1,0,0,0,1,0,0,1,0,0,0,0,0,1,0
Common_Cold,1,0,1,0,0,0,0,0,0,0,1,0,0,0,1,0,0,0,1,0,0,1,0,0,0,0,0,1,0
Common_Cold,1,0,1,0,0,0,0,0,0,0,1,0,0,0,1,0,0,0,1,0,0,1,0,0,0,0,0,1,0
Common_Cold,1,0,1,0,0,0,0,0,0,0,1,0,0,0,1,0,0,0,1,0,0,1,0,0,0,0,0,1,0
Common_Cold,1,0,1,0,0,0,0,0,0,0,1,0,0,0,1,0,0,0,1,0,0,1,0,0,0,0,0,1,0
Common_Cold,1,0,1,0,0,0,0,0,0,0,1,0,0,0,1,0,0,0,1,0,0,1,0,0,0,0,0,1,0
Common_Cold,1,0,1,0,0,0,0,0,0,0,1,0,0,0,1,0,0,0,1,0,0,1,0,0,0,0,0,1,0
Common_Cold,1,0,1,0,0,0,0,0,0,0,1,0,0,0,1,0,0,0,1,0,0,1,0,0,0,0,0,1,0
Common_Cold,1,0,1,0,0,0,0,0,0,0,1,0,0,0,1,0,0,0,1,0,0,1,0,0,0,0,0,1,0
Common_Cold,1,0,1,0,0,0,0,0,0,0,1,0,0,0,1,0,0,0,1,0,0,1,0,0,0,0,0,1,0
Common_Cold,1,0,1,0,0,0,0,0,0,0,1,0,0,0,1,0,0,0,1,0,0,1,0,0,0,0,0,1,0
Common_Cold,1,0,1,0,0,0,0,0,0,0,1,0,0,0,1,0,0,0,1,0,0,1,0,0,0,0,0,1,0
Common_Cold,1,0,1,0,0,0,0,0,0,0,1,0,0,0,1,0,0,0,1,0,0,1,0,0,0,0,0,1,0
Common_Cold,1,0,1,0,0,0,0,0,0,0,1,0,0,0,1,0,0,0,1,0,0,1,0,0,0,0,0,1,0
Common_Cold,1,0,1,0,0,0,0,0,0,0,1,0,0,0,1,0,0,0,1,0,0,1,0,0,0,0,0,1,0
Common_Cold,1,0,1,0,0,0,0,0,0,0,1,0,0,0,1,0,0,0,1,0,0,1,0,0,0,0,0,1,0
Common_Cold,1,0,1,0,0,0,0,0,0,0,1,0,0,0,1,0,0,0,1,0,0,1,0,0,0,0,0,1,0
Common_Cold,1,0,1,0,0,0,0,0,0,0,1,0,0,0,1,0,0,0,1,0,0,1,0,0,0,0,0,1,0
Common_Cold,1,0,1,0,0,0,0,0,0,0,1,0,0,0,1,0,0,0,1,0,0,1,0,0,0,0,0,1,0
Common_Cold,1,0,1,0,0,0,0,0,0,0,1,0,0,0,1,0,0,0,1,0,0,1,0,0,0,0,0,1,0
Pneumonia,0,1,0,1,1,1,0,0,0,1,0,0,0,1,0,0,0,1,1,0,1,0,1,1,0,0,1,1,0
Pneumonia,0,1,0,1,1,1,0,0,0,1,0,0,0,1,0,0,0,1,1,0,1,0,1,1,0,0,1,1,0
Pneumonia,0,1,0,1,1,1,0,0,0,1,0,0,0,1,0,0,0,1,1,0,1,0,1,1,0,0,1,1,0
Pneumonia,0,1,0,1,1,1,0,0,0,1,0,0,0,1,0,0,0,1,1,0,1,0,1,1,0,0,1,1,0
Pneumonia,0,1,0,1,1,1,0,0,0,1,0,0,0,1,0,0,0,1,1,0,1,0,1,1,0,0,1,1,0
Pneumonia,0,1,0,1,1,1,0,0,0,1,0,0,0,1,0,0,0,1,1,0,1,0,1,1,0,0,1,1,0
Pneumonia,0,1,0,1,1,1,0,0,0,1,0,0,0,1,0,0,0,1,1,0,1,0,1,1,0,0,1,1,0
Pneumonia,0,1,0,1,1,1,0,0,0,1,0,0,0,1,0,0,0,1,1,0,1,0,1,1,0,0,1,1,0
Pneumonia,0,1,0,1,1,1,0,0,0,1,0,0,0,1,0,0,0,1,1,0,1,0,1,1,0,0,1,1,0
Pneumonia,0,1,0,1,1,1,0,0,0,1,0,0,0,1,0,0,0,1,1,0,1,0,1,1,0,0,1,1,0
Pneumonia,0,1,0,1,1,1,0,0,0,1,0,0,0,1,0,0,0,1,1,0,1,0,1,1,0,0,1,1,0
Pneumonia,0,1,0,1,1,1,0,0,0,1,0,0,0,1,0,0,0,1,1,0,1,0,1,1,0,0,1,1,0
Pneumonia,0,1,0,1,1,1,0,0,0,1,0,0,0,1,0,0,0,1,1,0,1,0,1,1,0,0,1,1,0
Pneumonia,0,1,0,1,1,1,0,0,0,1,0,0,0,1,0,0,0,1,1,0,1,0,1,1,0,0,1,1,0
Pneumonia,0,1,0,1,1,1,0,0,0,1,0,0,0,1,0,0,0,1,1,0,1,0,1,1,0,0,1,1,0
Pneumonia,0,1,0,1,1,1,0,0,0,1,0,0,0,1,0,0,0,1,1,0,1,0,1,1,0,0,1,1,0
Pneumonia,0,1,0,1,1,1,0,0,0,1,0,0,0,1,0,0,0,1,1,0,1,0,1,1,0,0,1,1,0
Pneumonia,0,1,0,1,1,1,0,0,0,1,0,0,0,1,0,0,0,1,1,0,1,0,1,1,0,0,1,1,0
Pneumonia,0,1,0,1,1,1,0,0,0,1,0,0,0,1,0,0,0,1,1,0,1,0,1,1,0,0,1,1,0
Pneumonia,0,1,0,1,1,1,0,0,0,1,0,0,0,1,0,0,0,1,1,0,1,0,1,1,0,0,1,1,0
Pneumonia,0,1,0,1,1,1,0,0,0,1,0,0,0,1,0,0,0,1,1,0,1,0,1,1,0,0,1,1,0
Pneumonia,0,1,0,1,1,1,0,0,0,1,0,0,0,1,0,0,0,1,1,0,1,0,1,1,0,0,1,1,0
Pneumonia,0,1,0,1,1,1,0,0,0,1,0,0,0,1,0,0,0,1,1,0,1,0,1,1,0,0,1,1,0
Pneumonia,0,1,0,1,1,1,0,0,0,1,0,0,0,1,0,0,0,1,1,0,1,0,1,1,0,0,1,1,0
Pneumonia,0,1,0,1,1,1,0,0,0,1,0,0,0,1,0,0,0,1,1,0,1,0,1,1,0,0,1,1,0
Pneumonia,0,1,0,1,1,1,0,0,0,1,0,0,0,1,0,0,0,1,1,0,1,0,1,1,0,0,1,1,0
Pneumonia,0,1,0,1,1,1,0,0,0,1,0,0,0,1,0,0,0,1,1,0,1,0,1,1,0,0,1,1,0
Pneumonia,0,1,0,1,1,1,0,0,0,1,0,0,0,1,0,0,0,1,1,0,1,0,1,1,0,0,1,1,0
Pneumonia,0,1,0,1,1,1,0,0,0,1,0,0,0,1,0,0,0,1,1,0,1,0,1,1,0,0,1,1,0
Pneumonia,0,1,0,1,1,1,0,0,0,1,0,0,0,1,0,0,0,1,1,0,1,0,1,1,0,0,1,1,0
Pneumonia,0,1,0,1,1,1,0,0,0,1,0,0,0,1,0,0,0,1,1,0,1,0,1,1,0,0,1,1,0
Pneumonia,0,1,0,1,1,1,0,0,0,1,0,0,0,1,0,0,0,1,1,0,1,0,1,1,0,0,1,1,0
Pneumonia,0,1,0,1,1,1,0,0,0,1,0,0,0,1,0,0,0,1,1,0,1,0,1,1,0,0,1,1,0
Pneumonia,0,1,0,1,1,1,0,0,0,1,0,0,0,1,0,0,0,1,1,0,1,0,1,1,0,0,1,1,0
Pneumonia,0,1,0,1,1,1,0,0,0,1,0,0,0,1,0,0,0,1,1,0,1,0,1,1,0,0,1,1,0
Pneumonia,0,1,0,1,1,1,0,0,0,1,0,0,0,1,0,0,0,1,1,0,1,0,1,1,0,0,1,1,0
Pneumonia,0,1,0,1,1,1,0,0,0,1,0,0,0,1,0,0,0,1,1,0,1,0,1,1,0,0,1,1,0
Pneumonia,0,1,0,1,1,1,0,0,0,1,0,0,0,1,0,0,0,1,1,0,1,0,1,1,0,0,1,1,0
Pneumonia,0,1,0,1,1,1,0,0,0,1,0,0,0,1,0,0,0,1,1,0,1,0,1,1,0,0,1,1,0
Pneumonia,0,1,0,1,1,1,0,0,0,1,0,0,0,1,0,0,0,1,1,0,1,0,1,1,0,0,1,1,0
Pneumonia,0,1,0,1,1,1,0,0,0,1,0,0,0,1,0,0,0,1,1,0,1,0,1,1,0,0,1,1,0
Pneumonia,0,1,0,1,1,1,0,0,0,1,0,0,0,1,0,0,0,1,1,0,1,0,1,1,0,0,1,1,0
Pneumonia,0,1,0,1,1,1,0,0,0,1,0,0,0,1,0,0,0,1,1,0,1,0,1,1,0,0,1,1,0
Pneumonia,0,1,0,1,1,1,0,0,0,1,0,0,0,1,0,0,0,1,1,0,1,0,1,1,0,0,1,1,0
Pneumonia,0,1,0,1,1,1,0,0,0,1,0,0,0,1,0,0,0,1,1,0,1,0,1,1,0,0,1,1,0
Pneumonia,0,1,0,1,1,1,0,0,0,1,0,0,0,1,0,0,0,1,1,0,1,0,1,1,0,0,1,1,0
Pneumonia,0,1,0,1,1,1,0,0,0,1,0,0,0,1,0,0,0,1,1,0,1,0,1,1,0,0,1,1,0
Migraine,0,1,0,1,0,1,0,0,1,0,1,0,0,0,0,1,1,1,1,0,0,0,0,0,1,1,0,0,0
Migraine,0,1,0,1,0,1,0,0,1,0,1,0,0,0,0,1,1,1,1,0,0,0,0,0,1,1,0,0,0
Migraine,0,1,0,1,0,1,0,0,1,0,1,0,0,0,0,1,1,1,1,0,0,0,0,0,1,1,0,0,0
Migraine,0,1,0,1,0,1,0,0,1,0,1,0,0,0,0,1,1,1,1,0,0,0,0,0,1,1,0,0,0
Migraine,0,1,0,1,0,1,0,0,1,0,1,0,0,0,0,1,1,1,1,0,0,0,0,0,1,1,0,0,0
Migraine,0,1,0,1,0,1,0,0,1,0,1,0,0,0,0,1,1,1,1,0,0,0,0,0,1,1,0,0,0
Migraine,0,1,0,1,0,1,0,0,1,0,1,0,0,0,0,1,1,1,1,0,0,0,0,0,1,1,0,0,0
Migraine,0,1,0,1,0,1,0,0,1,0,1,0,0,0,0,1,1,1,1,0,0,0,0,0,1,1,0,0,0
Migraine,0,1,0,1,0,1,0,0,1,0,1,0,0,0,0,1,1,1,1,0,0,0,0,0,1,1,0,0,0
Migraine,0,1,0,1,0,1,0,0,1,0,1,0,0,0,0,1,1,1,1,0,0,0,0,0,1,1,0,0,0
Migraine,0,1,0,1,0,1,0,0,1,0,1,0,0,0,0,1,1,1,1,0,0,0,0,0,1,1,0,0,0
Migraine,0,1,0,1,0,1,0,0,1,0,1,0,0,0,0,1,1,1,1,0,0,0,0,0,1,1,0,0,0
Migraine,0,1,0,1,0,1,0,0,1,0,1,0,0,0,0,1,1,1,1,0,0,0,0,0,1,1,0,0,0
Migraine,0,1,0,1,0,1,0,0,1,0,1,0,0,0,0,1,1,1,1,0,0,0,0,0,1,1,0,0,0
Migraine,0,1,0,1,0,1,0,0,1,0,1,0,0,0,0,1,1,1,1,0,0,0,0,0,1,1,0,0,0
Migraine,0,1,0,1,0,1,0,0,1,0,1,0,0,0,0,1,1,1,1,0,0,0,0,0,1,1,0,0,0
Migraine,0,1,0,1,0,1,0,0,1,0,1,0,0,0,0,1,1,1,1,0,0,0,0,0,1,1,0,0,0
Migraine,0,1,0,1,0,1,0,0,1,0,1,0,0,0,0,1,1,1,1,0,0,0,0,0,1,1,0,0,0
Migraine,0,1,0,1,0,1,0,0,1,0,1,0,0,0,0,1,1,1,1,0,0,0,0,0,1,1,0,0,0
Migraine,0,1,0,1,0,1,0,0,1,0,1,0,0,0,0,1,1,1,1,0,0,0,0,0,1,1,0,0,0
Migraine,0,1,0,1,0,1,0,0,1,0,1,0,0,0,0,1,1,1,1,0,0,0,0,0,1,1,0,0,0
Migraine,0,1,0,1,0,1,0,0,1,0,1,0,0,0,0,1,1,1,1,0,0,0,0,0,1,1,0,0,0
Migraine,0,1,0,1,0,1,0,0,1,0,1,0,0,0,0,1,1,1,1,0,0,0,0,0,1,1,0,0,0
Migraine,0,1,0,1,0,1,0,0,1,0,1,0,0,0,0,1,1,1,1,0,0,0,0,0,1,1,0,0,0
Migraine,0,1,0,1,0,1,0,0,1,0,1,0,0,0,0,1,1,1,1,0,0,0,0,0,1,1,0,0,0
Migraine,0,1,0,1,0,1,0,0,1,0,1,0,0,0,0,1,1,1,1,0,0,0,0,0,1,1,0,0,0
Migraine,0,1,0,1,0,1,0,0,1,0,1,0,0,0,0,1,1,1,1,0,0,0,0,0,1,1,0,0,0
Migraine,0,1,0,1,0,1,0,0,1,0,1,0,0,0,0,1,1,1,1,0,0,0,0,0,1,1,0,0,0
Migraine,0,1,0,1,0,1,0,0,1,0,1,0,0,0,0,1,1,1,1,0,0,0,0,0,1,1,0,0,0
Migraine,0,1,0,1,0,1,0,0,1,0,1,0,0,0,0,1,1,1,1,0,0,0,0,0,1,1,0,0,0
Migraine,0,1,0,1,0,1,0,0,1,0,1,0,0,0,0,1,1,1,1,0,0,0,0,0,1,1,0,0,0
Migraine,0,1,0,1,0,1,0,0,1,0,1,0,0,0,0,1,1,1,1,0,0,0,0,0,1,1,0,0,0
Migraine,0,1,0,1,0,1,0,0,1,0,1,0,0,0,0,1,1,1,1,0,0,0,0,0,1,1,0,0,0
Migraine,0,1,0,1,0,1,0,0,1,0,1,0,0,0,0,1,1,1,1,0,0,0,0,0,1,1,0,0,0
Migraine,0,1,0,1,0,1,0,0,1,0,1,0,0,0,0,1,1,1,1,0,0,0,0,0,1,1,0,0,0
Migraine,0,1,0,1,0,1,0,0,1,0,1,0,0,0,0,1,1,1,1,0,0,0,0,0,1,1,0,0,0
Migraine,0,1,0,1,0,1,0,0,1,0,1,0,0,0,0,1,1,1,1,0,0,0,0,0,1,1,0,0,0
Migraine,0,1,0,1,0,1,0,0,1,0,1,0,0,0,0,1,1,1,1,0,0,0,0,0,1,1,0,0,0
Migraine,0,1,0,1,0,1,0,0,1,0,1,0,0,0,0,1,1,1,1,0,0,0,0,0,1,1,0,0,0
Migraine,0,1,0,1,0,1,0,0,1,0,1,0,0,0,0,1,1,1,1,0,0,0,0,0,1,1,0,0,0
Migraine,0,1,0,1,0,1,0,0,1,0,1,0,0,0,0,1,1,1,1,0,0,0,0,0,1,1,0,0,0
Migraine,0,1,0,1,0,1,0,0,1,0,1,0,0,0,0,1,1,1,1,0,0,0,0,0,1,1,0,0,0
Diabetes,1,0,1,0,1,0,0,1,1,0,0,0,0,0,0,1,0,1,0,0,1,0,1,1,0,0,0,1,0
Diabetes,1,0,1,0,1,0,0,1,1,0,0,0,0,0,0,1,0,1,0,0,1,0,1,1,0,0,0,1,0
Diabetes,1,0,1,0,1,0,0,1,1,0,0,0,0,0,0,1,0,1,0,0,1,0,1,1,0,0,0,1,0
Diabetes,1,0,1,0,1,0,0,1,1,0,0,0,0,0,0,1,0,1,0,0,1,0,1,1,0,0,0,1,0
Diabetes,1,0,1,0,1,0,0,1,1,0,0,0,0,0,0,1,0,1,0,0,1,0,1,1,0,0,0,1,0
Diabetes,1,0,1,0,1,0,0,1,1,0,0,0,0,0,0,1,0,1,0,0,1,0,1,1,0,0,0,1,0
Diabetes,1,0,1,0,1,0,0,1,1,0,0,0,0,0,0,1,0,1,0,0,1,0,1,1,0,0,0,1,0
Diabetes,1,0,1,0,1,0,0,1,1,0,0,0,0,0,0,1,0,1,0,0,1,0,1,1,0,0,0,1,0
Diabetes,1,0,1,0,1,0,0,1,1,0,0,0,0,0,0,1,0,1,0,0,1,0,1,1,0,0,0,1,0
Diabetes,1,0,1,0,1,0,0,1,1,0,0,0,0,0,0,1,0,1,0,0,1,0,1,1,0,0,0,1,0
Diabetes,1,0,1,0,1,0,0,1,1,0,0,0,0,0,0,1,0,1,0,0,1,0,1,1,0,0,0,1,0
Diabetes,1,0,1,0,1,0,0,1,1,0,0,0,0,0,0,1,0,1,0,0,1,0,1,1,0,0,0,1,0
Diabetes,1,0,1,0,1,0,0,1,1,0,0,0,0,0,0,1,0,1,0,0,1,0,1,1,0,0,0,1,0
Diabetes,1,0,1,0,1,0,0,1,1,0,0,0,0,0,0,1,0,1,0,0,1,0,1,1,0,0,0,1,0
Diabetes,1,0,1,0,1,0,0,1,1,0,0,0,0,0,0,1,0,1,0,0,1,0,1,1,0,0,0,1,0
Diabetes,1,0,1,0,1,0,0,1,1,0,0,0,0,0,0,1,0,1,0,0,1,0,1,1,0,0,0,1,0
Diabetes,1,0,1,0,1,0,0,1,1,0,0,0,0,0,0,1,0,1,0,0,1,0,1,1,0,0,0,1,0
Diabetes,1,0,1,0,1,0,0,1,1,0,0,0,0,0,0,1,0,1,0,0,1,0,1,1,0,0,0,1,0
Diabetes,1,0,1,0,1,0,0,1,1,0,0,0,0,0,0,1,0,1,0,0,1,0,1,1,0,0,0,1,0
Diabetes,1,0,1,0,1,0,0,1,1,0,0,0,0,0,0,1,0,1,0,0,1,0,1,1,0,0,0,1,0
Diabetes,1,0,1,0,1,0,0,1,1,0,0,0,0,0,0,1,0,1,0,0,1,0,1,1,0,0,0,1,0
Diabetes,1,0,1,0,1,0,0,1,1,0,0,0,0,0,0,1,0,1,0,0,1,0,1,1,0,0,0,1,0
Diabetes,1,0,1,0,1,0,0,1,1,0,0,0,0,0,0,1,0,1,0,0,1,0,1,1,0,0,0,1,0
Diabetes,1,0,1,0,1,0,0,1,1,0,0,0,0,0,0,1,0,1,0,0,1,0,1,1,0,0,0,1,0
Diabetes,1,0,1,0,1,0,0,1,1,0,0,0,0,0,0,1,0,1,0,0,1,0,1,1,0,0,0,1,0
Diabetes,1,0,1,0,1,0,0,1,1,0,0,0,0,0,0,1,0,1,0,0,1,0,1,1,0,0,0,1,0
Diabetes,1,0,1,0,1,0,0,1,1,0,0,0,0,0,0,1,0,1,0,0,1,0,1,1,0,0,0,1,0
Diabetes,1,0,1,0,1,0,0,1,1,0,0,0,0,0,0,1,0,1,0,0,1,0,1,1,0,0,0,1,0
Diabetes,1,0,1,0,1,0,0,1,1,0,0,0,0,0,0,1,0,1,0,0,1,0,1,1,0,0,0,1,0
Diabetes,1,0,1,0,1,0,0,1,1,0,0,0,0,0,0,1,0,1,0,0,1,0,1,1,0,0,0,1,0
Diabetes,1,0,1,0,1,0,0,1,1,0,0,0,0,0,0,1,0,1,0,0,1,0,1,1,0,0,0,1,0
Diabetes,1,0,1,0,1,0,0,1,1,0,0,0,0,0,0,1,0,1,0,0,1,0,1,1,0,0,0,1,0
Diabetes,1,0,1,0,1,0,0,1,1,0,0,0,0,0,0,1,0,1,0,0,1,0,1,1,0,0,0,1,0
Diabetes,1,0,1,0,1,0,0,1,1,0,0,0,0,0,0,1,0,1,0,0,1,0,1,1,0,0,0,1,0
Diabetes,1,0,1,0,1,0,0,1,1,0,0,0,0,0,0,1,0,1,0,0,1,0,1,1,0,0,0,1,0
Diabetes,1,0,1,0,1,0,0,1,1,0,0,0,0,0,0,1,0,1,0,0,1,0,1,1,0,0,0,1,0
Diabetes,1,0,1,0,1,0,0,1,1,0,0,0,0,0,0,1,0,1,0,0,1,0,1,1,0,0,0,1,0
Diabetes,1,0,1,0,1,0,0,1,1,0,0,0,0,0,0,1,0,1,0,0,1,0,1,1,0,0,0,1,0
Diabetes,1,0,1,0,1,0,0,1,1,0,0,0,0,0,0,1,0,1,0,0,1,0,1,1,0,0,0,1,0
Diabetes,1,0,1,0,1,0,0,1,1,0,0,0,0,0,0,1,0,1,0,0,1,0,1,1,0,0,0,1,0
Diabetes,1,0,1,0,1,0,0,1,1,0,0,0,0,0,0,1,0,1,0,0,1,0,1,1,0,0,0,1,0
Diabetes,1,0,1,0,1,0,0,1,1,0,0,0,0,0,0,1,0,1,0,0,1,0,1,1,0,0,0,1,0
Asthma,0,1,0,1,0,0,0,0,0,0,1,0,1,0,0,1,0,1,0,1,0,1,0,1,0,1,1,1,1
Asthma,0,1,0,1,0,0,0,0,0,0,1,0,1,0,0,1,0,1,0,1,0,1,0,1,0,1,1,1,1
Asthma,0,1,0,1,0,0,0,0,0,0,1,0,1,0,0,1,0,1,0,1,0,1,0,1,0,1,1,1,1
Asthma,0,1,0,1,0,0,0,0,0,0,1,0,1,0,0,1,0,1,0,1,0,1,0,1,0,1,1,1,1
Asthma,0,1,0,1,0,0,0,0,0,0,1,0,1,0,0,1,0,1,0,1,0,1,0,1,0,1,1,1,1
Asthma,0,1,0,1,0,0,0,0,0,0,1,0,1,0,0,1,0,1,0,1,0,1,0,1,0,1,1,1,1
Asthma,0,1,0,1,0,0,0,0,0,0,1,0,1,0,0,1,0,1,0,1,0,1,0,1,0,1,1,1,1
Asthma,0,1,0,1,0,0,0,0,0,0,1,0,1,0,0,1,0,1,0,1,0,1,0,1,0,1,1,1,1
Asthma,0,1,0,1,0,0,0,0,0,0,1,0,1,0,0,1,0,1,0,1,0,1,0,1,0,1,1,1,1
Asthma,0,1,0,1,0,0,0,0,0,0,1,0,1,0,0,1,0,1,0,1,0,1,0,1,0,1,1,1,1
Asthma,0,1,0,1,0,0,0,0,0,0,1,0,1,0,0,1,0,1,0,1,0,1,0,1,0,1,1,1,1
Asthma,0,1,0,1,0,0,0,0,0,0,1,0,1,0,0,1,0,1,0,1,0,1,0,1,0,1,1,1,1
Asthma,0,1,0,1,0,0,0,0,0,0,1,0,1,0,0,1,0,1,0,1,0,1,0,1,0,1,1,1,1
Asthma,0,1,0,1,0,0,0,0,0,0,1,0,1,0,0,1,0,1,0,1,0,1,0,1,0,1,1,1,1
Asthma,0,1,0,1,0,0,0,0,0,0,1,0,1,0,0,1,0,1,0,1,0,1,0,1,0,1,1,1,1
Asthma,0,1,0,1,0,0,0,0,0,0,1,0,1,0,0,1,0,1,0,1,0,1,0,1,0,1,1,1,1
Asthma,0,1,0,1,0,0,0,0,0,0,1,0,1,0,0,1,0,1,0,1,0,1,0,1,0,1,1,1,1
Asthma,0,1,0,1,0,0,0,0,0,0,1,0,1,0,0,1,0,1,0,1,0,1,0,1,0,1,1,1,1
Asthma,0,1,0,1,0,0,0,0,0,0,1,0,1,0,0,1,0,1,0,1,0,1,0,1,0,1,1,1,1
Asthma,0,1,0,1,0,0,0,0,0,0,1,0,1,0,0,1,0,1,0,1,0,1,0,1,0,1,1,1,1
Asthma,0,1,0,1,0,0,0,0,0,0,1,0,1,0,0,1,0,1,0,1,0,1,0,1,0,1,1,1,1
Asthma,0,1,0,1,0,0,0,0,0,0,1,0,1,0,0,1,0,1,0,1,0,1,0,1,0,1,1,1,1
Asthma,0,1,0,1,0,0,0,0,0,0,1,0,1,0,0,1,0,1,0,1,0,1,0,1,0,1,1,1,1
Asthma,0,1,0,1,0,0,0,0,0,0,1,0,1,0,0,1,0,1,0,1,0,1,0,1,0,1,1,1,1
Asthma,0,1,0,1,0,0,0,0,0,0,1,0,1,0,0,1,0,1,0,1,0,1,0,1,0,1,1,1,1
Asthma,0,1,0,1,0,0,0,0,0,0,1,0,1,0,0,1,0,1,0,1,0,1,0,1,0,1,1,1,1
Asthma,0,1,0,1,0,0,0,0,0,0,1,0,1,0,0,1,0,1,0,1,0,1,0,1,0,1,1,1,1
Asthma,0,1,0,1,0,0,0,0,0,0,1,0,1,0,0,1,0,1,0,1,0,1,0,1,0,1,1,1,1
Asthma,0,1,0,1,0,0,0,0,0,0,1,0,1,0,0,1,0,1,0,1,0,1,0,1,0,1,1,1,1
Asthma,0,1,0,1,0,0,0,0,0,0,1,0,1,0,0,1,0,1,0,1,0,1,0,1,0,1,1,1,1
Asthma,0,1,0,1,0,0,0,0,0,0,1,0,1,0,0,1,0,1,0,1,0,1,0,1,0,1,1,1,1
Asthma,0,1,0,1,0,0,0,0,0,0,1,0,1,0,0,1,0,1,0,1,0,1,0,1,0,1,1,1,1
Asthma,0,1,0,1,0,0,0,0,0,0,1,0,1,0,0,1,0,1,0,1,0,1,0,1,0,1,1,1,1
Asthma,0,1,0,1,0,0,0,0,0,0,1,0,1,0,0,1,0,1,0,1,0,1,0,1,0,1,1,1,1
Asthma,0,1,0,1,0,0,0,0,0,0,1,0,1,0,0,1,0,1,0,1,0,1,0,1,0,1,1,1,1
Asthma,0,1,0,1,0,0,0,0,0,0,1,0,1,0,0,1,0,1,0,1,0,1,0,1,0,1,1,1,1
Asthma,0,1,0,1,0,0,0,0,0,0,1,0,1,0,0,1,0,1,0,1,0,1,0,1,0,1,1,1,1
Asthma,0,1,0,1,0,0,0,0,0,0,1,0,1,0,0,1,0,1,0,1,0,1,0,1,0,1,1,1,1
Asthma,0,1,0,1,0,0,0,0,0,0,1,0,1,0,0,1,0,1,0,1,0,1,0,1,0,1,1,1,1
Bronchitis,0,0,1,0,0,0,1,0,1,1,0,0,1,1,1,1,0,0,0,0,0,0,0,0,1,1,0,0,0
Bronchitis,0,0,1,0,0,0,1,0,1,1,0,0,1,1,1,1,0,0,0,0,0,0,0,0,1,1,0,0,0
Bronchitis,0,0,1,0,0,0,1,0,1,1,0,0,1,1,1,1,0,0,0,0,0,0,0,0,1,1,0,0,0
Bronchitis,0,0,1,0,0,0,1,0,1,1,0,0,1,1,1,1,0,0,0,0,0,0,0,0,1,1,0,0,0
Bronchitis,0,0,1,0,0,0,1,0,1,1,0,0,1,1,1,1,0,0,0,0,0,0,0,0,1,1,0,0,0
Bronchitis,0,0,1,0,0,0,1,0,1,1,0,0,1,1,1,1,0,0,0,0,0,0,0,0,1,1,0,0,0
Bronchitis,0,0,1,0,0,0,1,0,1,1,0,0,1,1,1,1,0,0,0,0,0,0,0,0,1,1,0,0,0
Bronchitis,0,0,1,0,0,0,1,0,1,1,0,0,1,1,1,1,0,0,0,0,0,0,0,0,1,1,0,0,0
Bronchitis,0,0,1,0,0,0,1,0,1,1,0,0,1,1,1,1,0,0,0,0,0,0,0,0,1,1,0,0,0
Bronchitis,0,0,1,0,0,0,1,0,1,1,0,0,1,1,1,1,0,0,0,0,0,0,0,0,1,1,0,0,0
Bronchitis,0,0,1,0,0,0,1,0,1,1,0,0,1,1,1,1,0,0,0,0,0,0,0,0,1,1,0,0,0
Bronchitis,0,0,1,0,0,0,1,0,1,1,0,0,1,1,1,1,0,0,0,0,0,0,0,0,1,1,0,0,0
Bronchitis,0,0,1,0,0,0,1,0,1,1,0,0,1,1,1,1,0,0,0,0,0,0,0,0,1,1,0,0,0
Bronchitis,0,0,1,0,0,0,1,0,1,1,0,0,1,1,1,1,0,0,0,0,0,0,0,0,1,1,0,0,0
Bronchitis,0,0,1,0,0,0,1,0,1,1,0,0,1,1,1,1,0,0,0,0,0,0,0,0,1,1,0,0,0
Bronchitis,0,0,1,0,0,0,1,0,1,1,0,0,1,1,1,1,0,0,0,0,0,0,0,0,1,1,0,0,0
Bronchitis,0,0,1,0,0,0,1,0,1,1,0,0,1,1,1,1,0,0,0,0,0,0,0,0,1,1,0,0,0
Bronchitis,0,0,1,0,0,0,1,0,1,1,0,0,1,1,1,1,0,0,0,0,0,0,0,0,1,1,0,0,0
Bronchitis,0,0,1,0,0,0,1,0,1,1,0,0,1,1,1,1,0,0,0,0,0,0,0,0,1,1,0,0,0
Bronchitis,0,0,1,0,0,0,1,0,1,1,0,0,1,1,1,1,0,0,0,0,0,0,0,0,1,1,0,0,0
Bronchitis,0,0,1,0,0,0,1,0,1,1,0,0,1,1,1,1,0,0,0,0,0,0,0,0,1,1,0,0,0
Allergies,0,1,0,1,1,1,0,0,0,1,0,0,1,1,1,1,1,0,0,0,1,0,0,0,1,0,0,1,1
Allergies,0,1,0,1,1,1,0,0,0,1,0,0,1,1,1,1,1,0,0,0,1,0,0,0,1,0,0,1,1
Allergies,0,1,0,1,1,1,0,0,0,1,0,0,1,1,1,1,1,0,0,0,1,0,0,0,1,0,0,1,1
Allergies,0,1,0,1,1,1,0,0,0,1,0,0,1,1,1,1,1,0,0,0,1,0,0,0,1,0,0,1,1
Allergies,0,1,0,1,1,1,0,0,0,1,0,0,1,1,1,1,1,0,0,0,1,0,0,0,1,0,0,1,1
Allergies,0,1,0,1,1,1,0,0,0,1,0,0,1,1,1,1,1,0,0,0,1,0,0,0,1,0,0,1,1
Allergies,0,1,0,1,1,1,0,0,0,1,0,0,1,1,1,1,1,0,0,0,1,0,0,0,1,0,0,1,1
Allergies,0,1,0,1,1,1,0,0,0,1,0,0,1,1,1,1,1,0,0,0,1,0,0,0,1,0,0,1,1
Allergies,0,1,0,1,1,1,0,0,0,1,0,0,1,1,1,1,1,0,0,0,1,0,0,0,1,0,0,1,1
Allergies,0,1,0,1,1,1,0,0,0,1,0,0,1,1,1,1,1,0,0,0,1,0,0,0,1,0,0,1,1
Allergies,0,1,0,1,1,1,0,0,0,1,0,0,1,1,1,1,1,0,0,0,1,0,0,0,1,0,0,1,1
Allergies,0,1,0,1,1,1,0,0,0,1,0,0,1,1,1,1,1,0,0,0,1,0,0,0,1,0,0,1,1
Allergies,0,1,0,1,1,1,0,0,0,1,0,0,1,1,1,1,1,0,0,0,1,0,0,0,1,0,0,1,1
Allergies,0,1,0,1,1,1,0,0,0,1,0,0,1,1,1,1,1,0,0,0,1,0,0,0,1,0,0,1,1
Allergies,0,1,0,1,1,1,0,0,0,1,0,0,1,1,1,1,1,0,0,0,1,0,0,0,1,0,0,1,1
Allergies,0,1,0,1,1,1,0,0,0,1,0,0,1,1,1,1,1,0,0,0,1,0,0,0,1,0,0,1,1
Allergies,0,1,0,1,1,1,0,0,0,1,0,0,1,1,1,1,1,0,0,0,1,0,0,0,1,0,0,1,1
Allergies,0,1,0,1,1,1,0,0,0,1,0,0,1,1,1,1,1,0,0,0,1,0,0,0,1,0,0,1,1
Allergies,0,1,0,1,1,1,0,0,0,1,0,0,1,1,1,1,1,0,0,0,1,0,0,0,1,0,0,1,1
Allergies,0,1,0,1,1,1,0,0,0,1,0,0,1,1,1,1,1,0,0,0,1,0,0,0,1,0,0,1,1
Allergies,0,1,0,1,1,1,0,0,0,1,0,0,1,1,1,1,1,0,0,0,1,0,0,0,1,0,0,1,1
Allergies,0,1,0,1,1,1,0,0,0,1,0,0,1,1,1,1,1,0,0,0,1,0,0,0,1,0,0,1,1
Allergies,0,1,0,1,1,1,0,0,0,1,0,0,1,1,1,1,1,0,0,0,1,0,0,0,1,0,0,1,1
Allergies,0,1,0,1,1,1,0,0,0,1,0,0,1,1,1,1,1,0,0,0,1,0,0,0,1,0,0,1,1
Allergies,0,1,0,1,1,1,0,0,0,1,0,0,1,1,1,1,1,0,0,0,1,0,0,0,1,0,0,1,1
Allergies,0,1,0,1,1,1,0,0,0,1,0,0,1,1,1,1,1,0,0,0,1,0,0,0,1,0,0,1,1
Allergies,0,1,0,1,1,1,0,0,0,1,0,0,1,1,1,1,1,0,0,0,1,0,0,0,1,0,0,1,1
Allergies,0,1,0,1,1,1,0,0,0,1,0,0,1,1,1,1,1,0,0,0,1,0,0,0,1,0,0,1,1
Allergies,0,1,0,1,1,1,0,0,0,1,0,0,1,1,1,1,1,0,0,0,1,0,0,0,1,0,0,1,1
Allergies,0,1,0,1,1,1,0,0,0,1,0,0,1,1,1,1,1,0,0,0,1,0,0,0,1,0,0,1,1
Allergies,0,1,0,1,1,1,0,0,0,1,0,0,1,1,1,1,1,0,0,0,1,0,0,0,1,0,0,1,1
Allergies,0,1,0,1,1,1,0,0,0,1,0,0,1,1,1,1,1,0,0,0,1,0,0,0,1,0,0,1,1
Allergies,0,1,0,1,1,1,0,0,0,1,0,0,1,1,1,1,1,0,0,0,1,0,0,0,1,0,0,1,1
Allergies,0,1,0,1,1,1,0,0,0,1,0,0,1,1,1,1,1,0,0,0,1,0,0,0,1,0,0,1,1
Allergies,0,1,0,1,1,1,0,0,0,1,0,0,1,1,1,1,1,0,0,0,1,0,0,0,1,0,0,1,1
Allergies,0,1,0,1,1,1,0,0,0,1,0,0,1,1,1,1,1,0,0,0,1,0,0,0,1,0,0,1,1
Allergies,0,1,0,1,1,1,0,0,0,1,0,0,1,1,1,1,1,0,0,0,1,0,0,0,1,0,0,1,1
Allergies,0,1,0,1,1,1,0,0,0,1,0,0,1,1,1,1,1,0,0,0,1,0,0,0,1,0,0,1,1
Anxiety_Disorder,0,1,0,0,0,0,1,0,0,1,0,1,1,1,0,0,0,1,0,0,0,0,0,0,0,0,0,1,1
Anxiety_Disorder,0,1,0,0,0,0,1,0,0,1,0,1,1,1,0,0,0,1,0,0,0,0,0,0,0,0,0,1,1
Anxiety_Disorder,0,1,0,0,0,0,1,0,0,1,0,1,1,1,0,0,0,1,0,0,0,0,0,0,0,0,0,1,1
Anxiety_Disorder,0,1,0,0,0,0,1,0,0,1,0,1,1,1,0,0,0,1,0,0,0,0,0,0,0,0,0,1,1
Anxiety_Disorder,0,1,0,0,0,0,1,0,0,1,0,1,1,1,0,0,0,1,0,0,0,0,0,0,0,0,0,1,1
Anxiety_Disorder,0,1,0,0,0,0,1,0,0,1,0,1,1,1,0,0,0,1,0,0,0,0,0,0,0,0,0,1,1
Anxiety_Disorder,0,1,0,0,0,0,1,0,0,1,0,1,1,1,0,0,0,1,0,0,0,0,0,0,0,0,0,1,1
Anxiety_Disorder,0,1,0,0,0,0,1,0,0,1,0,1,1,1,0,0,0,1,0,0,0,0,0,0,0,0,0,1,1
Anxiety_Disorder,0,1,0,0,0,0,1,0,0,1,0,1,1,1,0,0,0,1,0,0,0,0,0,0,0,0,0,1,1
Anxiety_Disorder,0,1,0,0,0,0,1,0,0,1,0,1,1,1,0,0,0,1,0,0,0,0,0,0,0,0,0,1,1
Anxiety_Disorder,0,1,0,0,0,0,1,0,0,1,0,1,1,1,0,0,0,1,0,0,0,0,0,0,0,0,0,1,1
Anxiety_Disorder,0,1,0,0,0,0,1,0,0,1,0,1,1,1,0,0,0,1,0,0,0,0,0,0,0,0,0,1,1
Anxiety_Disorder,0,1,0,0,0,0,1,0,0,1,0,1,1,1,0,0,0,1,0,0,0,0,0,0,0,0,0,1,1
Anxiety_Disorder,0,1,0,0,0,0,1,0,0,1,0,1,1,1,0,0,0,1,0,0,0,0,0,0,0,0,0,1,1
Anxiety_Disorder,0,1,0,0,0,0,1,0,0,1,0,1,1,1,0,0,0,1,0,0,0,0,0,0,0,0,0,1,1
Anxiety_Disorder,0,1,0,0,0,0,1,0,0,1,0,1,1,1,0,0,0,1,0,0,0,0,0,0,0,0,0,1,1
Anxiety_Disorder,0,1,0,0,0,0,1,0,0,1,0,1,1,1,0,0,0,1,0,0,0,0,0,0,0,0,0,1,1
Anxiety_Disorder,0,1,0,0,0,0,1,0,0,1,0,1,1,1,0,0,0,1,0,0,0,0,0,0,0,0,0,1,1
Anxiety_Disorder,0,1,0,0,0,0,1,0,0,1,0,1,1,1,0,0,0,1,0,0,0,0,0,0,0,0,0,1,1
Anxiety_Disorder,0,1,0,0,0,0,1,0,0,1,0,1,1,1,0,0,0,1,0,0,0,0,0,0,0,0,0,1,1
Vertigo,0,1,0,0,1,1,0,0,1,1,0,0,1,0,1,0,0,1,1,0,0,1,0,1,1,0,1,0,0
Vertigo,0,1,0,0,1,1,0,0,1,1,0,0,1,0,1,0,0,1,1,0,0,1,0,1,1,0,1,0,0
Vertigo,0,1,0,0,1,1,0,0,1,1,0,0,1,0,1,0,0,1,1,0,0,1,0,1,1,0,1,0,0
Vertigo,0,1,0,0,1,1,0,0,1,1,0,0,1,0,1,0,0,1,1,0,0,1,0,1,1,0,1,0,0
Vertigo,0,1,0,0,1,1,0,0,1,1,0,0,1,0,1,0,0,1,1,0,0,1,0,1,1,0,1,0,0
Vertigo,0,1,0,0,1,1,0,0,1,1,0,0,1,0,1,0,0,1,1,0,0,1,0,1,1,0,1,0,0
Vertigo,0,1,0,0,1,1,0,0,1,1,0,0,1,0,1,0,0,1,1,0,0,1,0,1,1,0,1,0,0
Vertigo,0,1,0,0,1,1,0,0,1,1,0,0,1,0,1,0,0,1,1,0,0,1,0,1,1,0,1,0,0
Vertigo,0,1,0,0,1,1,0,0,1,1,0,0,1,0,1,0,0,1,1,0,0,1,0,1,1,0,1,0,0
Vertigo,0,1,0,0,1,1,0,0,1,1,0,0,1,0,1,0,0,1,1,0,0,1,0,1,1,0,1,0,0
Vertigo,0,1,0,0,1,1,0,0,1,1,0,0,1,0,1,0,0,1,1,0,0,1,0,1,1,0,1,0,0
Vertigo,0,1,0,0,1,1,0,0,1,1,0,0,1,0,1,0,0,1,1,0,0,1,0,1,1,0,1,0,0
Vertigo,0,1,0,0,1,1,0,0,1,1,0,0,1,0,1,0,0,1,1,0,0,1,0,1,1,0,1,0,0
Vertigo,0,1,0,0,1,1,0,0,1,1,0,0,1,0,1,0,0,1,1,0,0,1,0,1,1,0,1,0,0
Vertigo,0,1,0,0,1,1,0,0,1,1,0,0,1,0,1,0,0,1,1,0,0,1,0,1,1,0,1,0,0
Vertigo,0,1,0,0,1,1,0,0,1,1,0,0,1,0,1,0,0,1,1,0,0,1,0,1,1,0,1,0,0
Vertigo,0,1,0,0,1,1,0,0,1,1,0,0,1,0,1,0,0,1,1,0,0,1,0,1,1,0,1,0,0
Vertigo,0,1,0,0,1,1,0,0,1,1,0,0,1,0,1,0,0,1,1,0,0,1,0,1,1,0,1,0,0
Vertigo,0,1,0,0,1,1,0,0,1,1,0,0,1,0,1,0,0,1,1,0,0,1,0,1,1,0,1,0,0
Vertigo,0,1,0,0,1,1,0,0,1,1,0,0,1,0,1,0,0,1,1,0,0,1,0,1,1,0,1,0,0
Vertigo,0,1,0,0,1,1,0,0,1,1,0,0,1,0,1,0,0,1,1,0,0,1,0,1,1,0,1,0,0
Vertigo,0,1,0,0,1,1,0,0,1,1,0,0,1,0,1,0,0,1,1,0,0,1,0,1,1,0,1,0,0
Vertigo,0,1,0,0,1,1,0,0,1,1,0,0,1,0,1,0,0,1,1,0,0,1,0,1,1,0,1,0,0
Vertigo,0,1,0,0,1,1,0,0,1,1,0,0,1,0,1,0,0,1,1,0,0,1,0,1,1,0,1,0,0
Vertigo,0,1,0,0,1,1,0,0,1,1,0,0,1,0,1,0,0,1,1,0,0,1,0,1,1,0,1,0,0
Vertigo,0,1,0,0,1,1,0,0,1,1,0,0,1,0,1,0,0,1,1,0,0,1,0,1,1,0,1,0,0
Vertigo,0,1,0,0,1,1,0,0,1,1,0,0,1,0,1,0,0,1,1,0,0,1,0,1,1,0,1,0,0
Vertigo,0,1,0,0,1,1,0,0,1,1,0,0,1,0,1,0,0,1,1,0,0,1,0,1,1,0,1,0,0
Vertigo,0,1,0,0,1,1,0,0,1,1,0,0,1,0,1,0,0,1,1,0,0,1,0,1,1,0,1,0,0
Vertigo,0,1,0,0,1,1,0,0,1,1,0,0,1,0,1,0,0,1,1,0,0,1,0,1,1,0,1,0,0
Vertigo,0,1,0,0,1,1,0,0,1,1,0,0,1,0,1,0,0,1,1,0,0,1,0,1,1,0,1,0,0
Vertigo,0,1,0,0,1,1,0,0,1,1,0,0,1,0,1,0,0,1,1,0,0,1,0,1,1,0,1,0,0
Vertigo,0,1,0,0,1,1,0,0,1,1,0,0,1,0,1,0,0,1,1,0,0,1,0,1,1,0,1,0,0
Vertigo,0,1,0,0,1,1,0,0,1,1,0,0,1,0,1,0,0,1,1,0,0,1,0,1,1,0,1,0,0
Vertigo,0,1,0,0,1,1,0,0,1,1,0,0,1,0,1,0,0,1,1,0,0,1,0,1,1,0,1,0,0
Gastroenteritis,0,1,0,0,0,0,1,0,0,1,0,0,0,0,0,0,0,1,0,1,0,0,0,0,0,0,0,0,0
Gastroenteritis,0,1,0,0,0,0,1,0,0,1,0,0,0,0,0,0,0,1,0,1,0,0,0,0,0,0,0,0,0
Gastroenteritis,0,1,0,0,0,0,1,0,0,1,0,0,0,0,0,0,0,1,0,1,0,0,0,0,0,0,0,0,0
Gastroenteritis,0,1,0,0,0,0,1,0,0,1,0,0,0,0,0,0,0,1,0,1,0,0,0,0,0,0,0,0,0
Gastroenteritis,0,1,0,0,0,0,1,0,0,1,0,0,0,0,0,0,0,1,0,1,0,0,0,0,0,0,0,0,0
Gastroenteritis,0,1,0,0,0,0,1,0,0,1,0,0,0,0,0,0,0,1,0,1,0,0,0,0,0,0,0,0,0
Gastroenteritis,0,1,0,0,0,0,1,0,0,1,0,0,0,0,0,0,0,1,0,1,0,0,0,0,0,0,0,0,0
Gastroenteritis,0,1,0,0,0,0,1,0,0,1,0,0,0,0,0,0,0,1,0,1,0,0,0,0,0,0,0,0,0
Gastroenteritis,0,1,0,0,0,0,1,0,0,1,0,0,0,0,0,0,0,1,0,1,0,0,0,0,0,0,0,0,0
Gastroenteritis,0,1,0,0,0,0,1,0,0,1,0,0,0,0,0,0,0,1,0,1,0,0,0,0,0,0,0,0,0
Gastroenteritis,0,1,0,0,0,0,1,0,0,1,0,0,0,0,0,0,0,1,0,1,0,0,0,0,0,0,0,0,0
Gastroenteritis,0,1,0,0,0,0,1,0,0,1,0,0,0,0,0,0,0,1,0,1,0,0,0,0,0,0,0,0,0
Gastroenteritis,0,1,0,0,0,0,1,0,0,1,0,0,0,0,0,0,0,1,0,1,0,0,0,0,0,0,0,0,0
Gastroenteritis,0,1,0,0,0,0,1,0,0,1,0,0,0,0,0,0,0,1,0,1,0,0,0,0,0,0,0,0,0
Gastroenteritis,0,1,0,0,0,0,1,0,0,1,0,0,0,0,0,0,0,1,0,1,0,0,0,0,0,0,0,0,0
Gastroenteritis,0,1,0,0,0,0,1,0,0,1,0,0,0,0,0,0,0,1,0,1,0,0,0,0,0,0,0,0,0
Gastroenteritis,0,1,0,0,0,0,1,0,0,1,0,0,0,0,0,0,0,1,0,1,0,0,0,0,0,0,0,0,0
Gastroenteritis,0,1,0,0,0,0,1,0,0,1,0,0,0,0,0,0,0,1,0,1,0,0,0,0,0,0,0,0,0
Gastroenteritis,0,1,0,0,0,0,1,0,0,1,0,0,0,0,0,0,0,1,0,1,0,0,0,0,0,0,0,0,0
Gastroenteritis,0,1,0,0,0,0,1,0,0,1,0,0,0,0,0,0,0,1,0,1,0,0,0,0,0,0,0,0,0
Gastroenteritis,0,1,0,0,0,0,1,0,0,1,0,0,0,0,0,0,0,1,0,1,0,0,0,0,0,0,0,0,0
Gastroenteritis,0,1,0,0,0,0,1,0,0,1,0,0,0,0,0,0,0,1,0,1,0,0,0,0,0,0,0,0,0
Gastroenteritis,0,1,0,0,0,0,1,0,0,1,0,0,0,0,0,0,0,1,0,1,0,0,0,0,0,0,0,0,0
Gastroenteritis,0,1,0,0,0,0,1,0,0,1,0,0,0,0,0,0,0,1,0,1,0,0,0,0,0,0,0,0,0
Gastroenteritis,0,1,0,0,0,0,1,0,0,1,0,0,0,0,0,0,0,1,0,1,0,0,0,0,0,0,0,0,0
Gastroenteritis,0,1,0,0,0,0,1,0,0,1,0,0,0,0,0,0,0,1,0,1,0,0,0,0,0,0,0,0,0
Gastroenteritis,0,1,0,0,0,0,1,0,0,1,0,0,0,0,0,0,0,1,0,1,0,0,0,0,0,0,0,0,0
Gastroenteritis,0,1,0,0,0,0,1,0,0,1,0,0,0,0,0,0,0,1,0,1,0,0,0,0,0,0,0,0,0
Gastroenteritis,0,1,0,0,0,0,1,0,0,1,0,0,0,0,0,0,0,1,0,1,0,0,0,0,0,0,0,0,0
Gastroenteritis,0,1,0,0,0,0,1,0,0,1,0,0,0,0,0,0,0,1,0,1,0,0,0,0,0,0,0,0,0
Gastroenteritis,0,1,0,0,0,0,1,0,0,1,0,0,0,0,0,0,0,1,0,1,0,0,0,0,0,0,0,0,0
Gastroenteritis,0,1,0,0,0,0,1,0,0,1,0,0,0,0,0,0,0,1,0,1,0,0,0,0,0,0,0,0,0
Gastroenteritis,0,1,0,0,0,0,1,0,0,1,0,0,0,0,0,0,0,1,0,1,0,0,0,0,0,0,0,0,0
Gastroenteritis,0,1,0,0,0,0,1,0,0,1,0,0,0,0,0,0,0,1,0,1,0,0,0,0,0,0,0,0,0
Gastroenteritis,0,1,0,0,0,0,1,0,0,1,0,0,0,0,0,0,0,1,0,1,0,0,0,0,0,0,0,0,0
Gastroenteritis,0,1,0,0,0,0,1,0,0,1,0,0,0,0,0,0,0,1,0,1,0,0,0,0,0,0,0,0,0
Gastroenteritis,0,1,0,0,0,0,1,0,0,1,0,0,0,0,0,0,0,1,0,1,0,0,0,0,0,0,0,0,0
Gastroenteritis,0,1,0,0,0,0,1,0,0,1,0,0,0,0,0,0,0,1,0,1,0,0,0,0,0,0,0,0,0
Gastroenteritis,0,1,0,0,0,0,1,0,0,1,0,0,0,0,0,0,0,1,0,1,0,0,0,0,0,0,0,0,0
Gastroenteritis,0,1,0,0,0,0,1,0,0,1,0,0,0,0,0,0,0,1,0,1,0,0,0,0,0,0,0,0,0
Gastroenteritis,0,1,0,0,0,0,1,0,0,1,0,0,0,0,0,0,0,1,0,1,0,0,0,0,0,0,0,0,0
Gastroenteritis,0,1,0,0,0,0,1,0,0,1,0,0,0,0,0,0,0,1,0,1,0,0,0,0,0,0,0,0,0
Gastroenteritis,0,1,0,0,0,0,1,0,0,1,0,0,0,0,0,0,0,1,0,1,0,0,0,0,0,0,0,0,0
Gastroenteritis,0,1,0,0,0,0,1,0,0,1,0,0,0,0,0,0,0,1,0,1,0,0,0,0,0,0,0,0,0
Gastroenteritis,0,1,0,0,0,0,1,0,0,1,0,0,0,0,0,0,0,1,0,1,0,0,0,0,0,0,0,0,0
Gastroenteritis,0,1,0,0,0,0,1,0,0,1,0,0,0,0,0,0,0,1,0,1,0,0,0,0,0,0,0,0,0
Gastroenteritis,0,1,0,0,0,0,1,0,0,1,0,0,0,0,0,0,0,1,0,1,0,0,0,0,0,0,0,0,0
Gastroenteritis,0,1,0,0,0,0,1,0,0,1,0,0,0,0,0,0,0,1,0,1,0,0,0,0,0,0,0,0,0
Gastroenteritis,0,1,0,0,0,0,1,0,0,1,0,0,0,0,0,0,0,1,0,1,0,0,0,0,0,0,0,0,0
GERD,0,0,0,1,1,0,0,0,0,0,0,1,0,0,0,1,0,0,0,0,1,0,1,0,0,0,0,0,0
GERD,0,0,0,1,1,0,0,0,0,0,0,1,0,0,0,1,0,0,0,0,1,0,1,0,0,0,0,0,0
GERD,0,0,0,1,1,0,0,0,0,0,0,1,0,0,0,1,0,0,0,0,1,0,1,0,0,0,0,0,0
GERD,0,0,0,1,1,0,0,0,0,0,0,1,0,0,0,1,0,0,0,0,1,0,1,0,0,0,0,0,0
GERD,0,0,0,1,1,0,0,0,0,0,0,1,0,0,0,1,0,0,0,0,1,0,1,0,0,0,0,0,0
GERD,0,0,0,1,1,0,0,0,0,0,0,1,0,0,0,1,0,0,0,0,1,0,1,0,0,0,0,0,0
GERD,0,0,0,1,1,0,0,0,0,0,0,1,0,0,0,1,0,0,0,0,1,0,1,0,0,0,0,0,0
GERD,0,0,0,1,1,0,0,0,0,0,0,1,0,0,0,1,0,0,0,0,1,0,1,0,0,0,0,0,0
GERD,0,0,0,1,1,0,0,0,0,0,0,1,0,0,0,1,0,0,0,0,1,0,1,0,0,0,0,0,0
GERD,0,0,0,1,1,0,0,0,0,0,0,1,0,0,0,1,0,0,0,0,1,0,1,0,0,0,0,0,0
GERD,0,0,0,1,1,0,0,0,0,0,0,1,0,0,0,1,0,0,0,0,1,0,1,0,0,0,0,0,0
GERD,0,0,0,1,1,0,0,0,0,0,0,1,0,0,0,1,0,0,0,0,1,0,1,0,0,0,0,0,0
GERD,0,0,0,1,1,0,0,0,0,0,0,1,0,0,0,1,0,0,0,0,1,0,1,0,0,0,0,0,0
GERD,0,0,0,1,1,0,0,0,0,0,0,1,0,0,0,1,0,0,0,0,1,0,1,0,0,0,0,0,0
GERD,0,0,0,1,1,0,0,0,0,0,0,1,0,0,0,1,0,0,0,0,1,0,1,0,0,0,0,0,0
GERD,0,0,0,1,1,0,0,0,0,0,0,1,0,0,0,1,0,0,0,0,1,0,1,0,0,0,0,0,0
GERD,0,0,0,1,1,0,0,0,0,0,0,1,0,0,0,1,0,0,0,0,1,0,1,0,0,0,0,0,0
GERD,0,0,0,1,1,0,0,0,0,0,0,1,0,0,0,1,0,0,0,0,1,0,1,0,0,0,0,0,0
GERD,0,0,0,1,1,0,0,0,0,0,0,1,0,0,0,1,0,0,0,0,1,0,1,0,0,0,0,0,0
GERD,0,0,0,1,1,0,0,0,0,0,0,1,0,0,0,1,0,0,0,0,1,0,1,0,0,0,0,0,0
GERD,0,0,0,1,1,0,0,0,0,0,0,1,0,0,0,1,0,0,0,0,1,0,1,0,0,0,0,0,0
GERD,0,0,0,1,1,0,0,0,0,0,0,1,0,0,0,1,0,0,0,0,1,0,1,0,0,0,0,0,0
Hypertension,0,0,0,0,1,0,0,0,0,1,1,0,0,0,0,0,0,1,0,0,1,1,0,1,0,1,1,1,1
Hypertension,0,0,0,0,1,0,0,0,0,1,1,0,0,0,0,0,0,1,0,0,1,1,0,1,0,1,1,1,1
Hypertension,0,0,0,0,1,0,0,0,0,1,1,0,0,0,0,0,0,1,0,0,1,1,0,1,0,1,1,1,1
Hypertension,0,0,0,0,1,0,0,0,0,1,1,0,0,0,0,0,0,1,0,0,1,1,0,1,0,1,1,1,1
Hypertension,0,0,0,0,1,0,0,0,0,1,1,0,0,0,0,0,0,1,0,0,1,1,0,1,0,1,1,1,1
Hypertension,0,0,0,0,1,0,0,0,0,1,1,0,0,0,0,0,0,1,0,0,1,1,0,1,0,1,1,1,1
Hypertension,0,0,0,0,1,0,0,0,0,1,1,0,0,0,0,0,0,1,0,0,1,1,0,1,0,1,1,1,1
Hypertension,0,0,0,0,1,0,0,0,0,1,1,0,0,0,0,0,0,1,0,0,1,1,0,1,0,1,1,1,1
Hypertension,0,0,0,0,1,0,0,0,0,1,1,0,0,0,0,0,0,1,0,0,1,1,0,1,0,1,1,1,1
Hypertension,0,0,0,0,1,0,0,0,0,1,1,0,0,0,0,0,0,1,0,0,1,1,0,1,0,1,1,1,1
Hypertension,0,0,0,0,1,0,0,0,0,1,1,0,0,0,0,0,0,1,0,0,1,1,0,1,0,1,1,1,1
Hypertension,0,0,0,0,1,0,0,0,0,1,1,0,0,0,0,0,0,1,0,0,1,1,0,1,0,1,1,1,1
Hypertension,0,0,0,0,1,0,0,0,0,1,1,0,0,0,0,0,0,1,0,0,1,1,0,1,0,1,1,1,1
Hypertension,0,0,0,0,1,0,0,0,0,1,1,0,0,0,0,0,0,1,0,0,1,1,0,1,0,1,1,1,1
Hypertension,0,0,0,0,1,0,0,0,0,1,1,0,0,0,0,0,0,1,0,0,1,1,0,1,0,1,1,1,1
Hypertension,0,0,0,0,1,0,0,0,0,1,1,0,0,0,0,0,0,1,0,0,1,1,0,1,0,1,1,1,1
Hypertension,0,0,0,0,1,0,0,0,0,1,1,0,0,0,0,0,0,1,0,0,1,1,0,1,0,1,1,1,1
Hypertension,0,0,0,0,1,0,0,0,0,1,1,0,0,0,0,0,0,1,0,0,1,1,0,1,0,1,1,1,1
Hypertension,0,0,0,0,1,0,0,0,0,1,1,0,0,0,0,0,0,1,0,0,1,1,0,1,0,1,1,1,1
Hypertension,0,0,0,0,1,0,0,0,0,1,1,0,0,0,0,0,0,1,0,0,1,1,0,1,0,1,1,1,1
Hypertension,0,0,0,0,1,0,0,0,0,1,1,0,0,0,0,0,0,1,0,0,1,1,0,1,0,1,1,1,1
Hypertension,0,0,0,0,1,0,0,0,0,1,1,0,0,0,0,0,0,1,0,0,1,1,0,1,0,1,1,1,1
Hypertension,0,0,0,0,1,0,0,0,0,1,1,0,0,0,0,0,0,1,0,0,1,1,0,1,0,1,1,1,1
Hypertension,0,0,0,0,1,0,0,0,0,1,1,0,0,0,0,0,0,1,0,0,1,1,0,1,0,1,1,1,1
Hypertension,0,0,0,0,1,0,0,0,0,1,1,0,0,0,0,0,0,1,0,0,1,1,0,1,0,1,1,1,1
Hypertension,0,0,0,0,1,0,0,0,0,1,1,0,0,0,0,0,0,1,0,0,1,1,0,1,0,1,1,1,1
Hypertension,0,0,0,0,1,0,0,0,0,1,1,0,0,0,0,0,0,1,0,0,1,1,0,1,0,1,1,1,1
Hypertension,0,0,0,0,1,0,0,0,0,1,1,0,0,0,0,0,0,1,0,0,1,1,0,1,0,1,1,1,1
Hypertension,0,0,0,0,1,0,0,0,0,1,1,0,0,0,0,0,0,1,0,0,1,1,0,1,0,1,1,1,1
Hypertension,0,0,0,0,1,0,0,0,0,1,1,0,0,0,0,0,0,1,0,0,1,1,0,1,0,1,1,1,1
Hypertension,0,0,0,0,1,0,0,0,0,1,1,0,0,0,0,0,0,1,0,0,1,1,0,1,0,1,1,1,1
Hypertension,0,0,0,0,1,0,0,0,0,1,1,0,0,0,0,0,0,1,0,0,1,1,0,1,0,1,1,1,1
Hypertension,0,0,0,0,1,0,0,0,0,1,1,0,0,0,0,0,0,1,0,0,1,1,0,1,0,1,1,1,1
Hypertension,0,0,0,0,1,0,0,0,0,1,1,0,0,0,0,0,0,1,0,0,1,1,0,1,0,1,1,1,1
Hypertension,0,0,0,0,1,0,0,0,0,1,1,0,0,0,0,0,0,1,0,0,1,1,0,1,0,1,1,1,1
Hypertension,0,0,0,0,1,0,0,0,0,1,1,0,0,0,0,0,0,1,0,0,1,1,0,1,0,1,1,1,1
Hypertension,0,0,0,0,1,0,0,0,0,1,1,0,0,0,0,0,0,1,0,0,1,1,0,1,0,1,1,1,1
Hypertension,0,0,0,0,1,0,0,0,0,1,1,0,0,0,0,0,0,1,0,0,1,1,0,1,0,1,1,1,1
Hypertension,0,0,0,0,1,0,0,0,0,1,1,0,0,0,0,0,0,1,0,0,1,1,0,1,0,1,1,1,1
Hypertension,0,0,0,0,1,0,0,0,0,1,1,0,0,0,0,0,0,1,0,0,1,1,0,1,0,1,1,1,1
Hypertension,0,0,0,0,1,0,0,0,0,1,1,0,0,0,0,0,0,1,0,0,1,1,0,1,0,1,1,1,1
Hypertension,0,0,0,0,1,0,0,0,0,1,1,0,0,0,0,0,0,1,0,0,1,1,0,1,0,1,1,1,1
Hypertension,0,0,0,0,1,0,0,0,0,1,1,0,0,0,0,0,0,1,0,0,1,1,0,1,0,1,1,1,1
Hypertension,0,0,0,0,1,0,0,0,0,1,1,0,0,0,0,0,0,1,0,0,1,1,0,1,0,1,1,1,1
Hypertension,0,0,0,0,1,0,0,0,0,1,1,0,0,0,0,0,0,1,0,0,1,1,0,1,0,1,1,1,1
Heart_Disease,0,0,0,0,0,0,0,0,1,0,1,0,0,1,0,0,1,0,0,0,1,0,1,1,1,1,0,0,0
Heart_Disease,0,0,0,0,0,0,0,0,1,0,1,0,0,1,0,0,1,0,0,0,1,0,1,1,1,1,0,0,0
Heart_Disease,0,0,0,0,0,0,0,0,1,0,1,0,0,1,0,0,1,0,0,0,1,0,1,1,1,1,0,0,0
Heart_Disease,0,0,0,0,0,0,0,0,1,0,1,0,0,1,0,0,1,0,0,0,1,0,1,1,1,1,0,0,0
Heart_Disease,0,0,0,0,0,0,0,0,1,0,1,0,0,1,0,0,1,0,0,0,1,0,1,1,1,1,0,0,0
Heart_Disease,0,0,0,0,0,0,0,0,1,0,1,0,0,1,0,0,1,0,0,0,1,0,1,1,1,1,0,0,0
Heart_Disease,0,0,0,0,0,0,0,0,1,0,1,0,0,1,0,0,1,0,0,0,1,0,1,1,1,1,0,0,0
Heart_Disease,0,0,0,0,0,0,0,0,1,0,1,0,0,1,0,0,1,0,0,0,1,0,1,1,1,1,0,0,0
Heart_Disease,0,0,0,0,0,0,0,0,1,0,1,0,0,1,0,0,1,0,0,0,1,0,1,1,1,1,0,0,0
Heart_Disease,0,0,0,0,0,0,0,0,1,0,1,0,0,1,0,0,1,0,0,0,1,0,1,1,1,1,0,0,0
Heart_Disease,0,0,0,0,0,0,0,0,1,0,1,0,0,1,0,0,1,0,0,0,1,0,1,1,1,1,0,0,0
Heart_Disease,0,0,0,0,0,0,0,0,1,0,1,0,0,1,0,0,1,0,0,0,1,0,1,1,1,1,0,0,0
Heart_Disease,0,0,0,0,0,0,0,0,1,0,1,0,0,1,0,0,1,0,0,0,1,0,1,1,1,1,0,0,0
Heart_Disease,0,0,0,0,0,0,0,0,1,0,1,0,0,1,0,0,1,0,0,0,1,0,1,1,1,1,0,0,0
Heart_Disease,0,0,0,0,0,0,0,0,1,0,1,0,0,1,0,0,1,0,0,0,1,0,1,1,1,1,0,0,0
Heart_Disease,0,0,0,0,0,0,0,0,1,0,1,0,0,1,0,0,1,0,0,0,1,0,1,1,1,1,0,0,0
Heart_Disease,0,0,0,0,0,0,0,0,1,0,1,0,0,1,0,0,1,0,0,0,1,0,1,1,1,1,0,0,0
Heart_Disease,0,0,0,0,0,0,0,0,1,0,1,0,0,1,0,0,1,0,0,0,1,0,1,1,1,1,0,0,0
Heart_Disease,0,0,0,0,0,0,0,0,1,0,1,0,0,1,0,0,1,0,0,0,1,0,1,1,1,1,0,0,0
Heart_Disease,0,0,0,0,0,0,0,0,1,0,1,0,0,1,0,0,1,0,0,0,1,0,1,1,1,1,0,0,0
Heart_Disease,0,0,0,0,0,0,0,0,1,0,1,0,0,1,0,0,1,0,0,0,1,0,1,1,1,1,0,0,0
Heart_Disease,0,0,0,0,0,0,0,0,1,0,1,0,0,1,0,0,1,0,0,0,1,0,1,1,1,1,0,0,0
Heart_Disease,0,0,0,0,0,0,0,0,1,0,1,0,0,1,0,0,1,0,0,0,1,0,1,1,1,1,0,0,0
Heart_Disease,0,0,0,0,0,0,0,0,1,0,1,0,0,1,0,0,1,0,0,0,1,0,1,1,1,1,0,0,0
Heart_Disease,0,0,0,0,0,0,0,0,1,0,1,0,0,1,0,0,1,0,0,0,1,0,1,1,1,1,0,0,0
Heart_Disease,0,0,0,0,0,0,0,0,1,0,1,0,0,1,0,0,1,0,0,0,1,0,1,1,1,1,0,0,0
Heart_Disease,0,0,0,0,0,0,0,0,1,0,1,0,0,1,0,0,1,0,0,0,1,0,1,1,1,1,0,0,0
Chickenpox,0,0,1,1,0,1,0,0,1,1,1,0,0,1,0,0,1,1,0,1,0,0,1,1,0,0,0,0,1
Chickenpox,0,0,1,1,0,1,0,0,1,1,1,0,0,1,0,0,1,1,0,1,0,0,1,1,0,0,0,0,1
Chickenpox,0,0,1,1,0,1,0,0,1,1,1,0,0,1,0,0,1,1,0,1,0,0,1,1,0,0,0,0,1
Chickenpox,0,0,1,1,0,1,0,0,1,1,1,0,0,1,0,0,1,1,0,1,0,0,1,1,0,0,0,0,1
Chickenpox,0,0,1,1,0,1,0,0,1,1,1,0,0,1,0,0,1,1,0,1,0,0,1,1,0,0,0,0,1
Chickenpox,0,0,1,1,0,1,0,0,1,1,1,0,0,1,0,0,1,1,0,1,0,0,1,1,0,0,0,0,1
Chickenpox,0,0,1,1,0,1,0,0,1,1,1,0,0,1,0,0,1,1,0,1,0,0,1,1,0,0,0,0,1
Chickenpox,0,0,1,1,0,1,0,0,1,1,1,0,0,1,0,0,1,1,0,1,0,0,1,1,0,0,0,0,1
Chickenpox,0,0,1,1,0,1,0,0,1,1,1,0,0,1,0,0,1,1,0,1,0,0,1,1,0,0,0,0,1
Chickenpox,0,0,1,1,0,1,0,0,1,1,1,0,0,1,0,0,1,1,0,1,0,0,1,1,0,0,0,0,1
Chickenpox,0,0,1,1,0,1,0,0,1,1,1,0,0,1,0,0,1,1,0,1,0,0,1,1,0,0,0,0,1
Chickenpox,0,0,1,1,0,1,0,0,1,1,1,0,0,1,0,0,1,1,0,1,0,0,1,1,0,0,0,0,1
Chickenpox,0,0,1,1,0,1,0,0,1,1,1,0,0,1,0,0,1,1,0,1,0,0,1,1,0,0,0,0,1
Chickenpox,0,0,1,1,0,1,0,0,1,1,1,0,0,1,0,0,1,1,0,1,0,0,1,1,0,0,0,0,1
Chickenpox,0,0,1,1,0,1,0,0,1,1,1,0,0,1,0,0,1,1,0,1,0,0,1,1,0,0,0,0,1
Chickenpox,0,0,1,1,0,1,0,0,1,1,1,0,0,1,0,0,1,1,0,1,0,0,1,1,0,0,0,0,1
Chickenpox,0,0,1,1,0,1,0,0,1,1,1,0,0,1,0,0,1,1,0,1,0,0,1,1,0,0,0,0,1
Chickenpox,0,0,1,1,0,1,0,0,1,1,1,0,0,1,0,0,1,1,0,1,0,0,1,1,0,0,0,0,1
Chickenpox,0,0,1,1,0,1,0,0,1,1,1,0,0,1,0,0,1,1,0,1,0,0,1,1,0,0,0,0,1
Chickenpox,0,0,1,1,0,1,0,0,1,1,1,0,0,1,0,0,1,1,0,1,0,0,1,1,0,0,0,0,1
Chickenpox,0,0,1,1,0,1,0,0,1,1,1,0,0,1,0,0,1,1,0,1,0,0,1,1,0,0,0,0,1
Chickenpox,0,0,1,1,0,1,0,0,1,1,1,0,0,1,0,0,1,1,0,1,0,0,1,1,0,0,0,0,1
Chickenpox,0,0,1,1,0,1,0,0,1,1,1,0,0,1,0,0,1,1,0,1,0,0,1,1,0,0,0,0,1
Chickenpox,0,0,1,1,0,1,0,0,1,1,1,0,0,1,0,0,1,1,0,1,0,0,1,1,0,0,0,0,1
Chickenpox,0,0,1,1,0,1,0,0,1,1,1,0,0,1,0,0,1,1,0,1,0,0,1,1,0,0,0,0,1
Chickenpox,0,0,1,1,0,1,0,0,1,1,1,0,0,1,0,0,1,1,0,1,0,0,1,1,0,0,0,0,1
Chickenpox,0,0,1,1,0,1,0,0,1,1,1,0,0,1,0,0,1,1,0,1,0,0,1,1,0,0,0,0,1
Chickenpox,0,0,1,1,0,1,0,0,1,1,1,0,0,1,0,0,1,1,0,1,0,0,1,1,0,0,0,0,1
Chickenpox,0,0,1,1,0,1,0,0,1,1,1,0,0,1,0,0,1,1,0,1,0,0,1,1,0,0,0,0,1
Chickenpox,0,0,1,1,0,1,0,0,1,1,1,0,0,1,0,0,1,1,0,1,0,0,1,1,0,0,0,0,1
Chickenpox,0,0,1,1,0,1,0,0,1,1,1,0,0,1,0,0,1,1,0,1,0,0,1,1,0,0,0,0,1
Chickenpox,0,0,1,1,0,1,0,0,1,1,1,0,0,1,0,0,1,1,0,1,0,0,1,1,0,0,0,0,1
Chickenpox,0,0,1,1,0,1,0,0,1,1,1,0,0,1,0,0,1,1,0,1,0,0,1,1,0,0,0,0,1
Chickenpox,0,0,1,1,0,1,0,0,1,1,1,0,0,1,0,0,1,1,0,1,0,0,1,1,0,0,0,0,1
Chickenpox,0,0,1,1,0,1,0,0,1,1,1,0,0,1,0,0,1,1,0,1,0,0,1,1,0,0,0,0,1
Chickenpox,0,0,1,1,0,1,0,0,1,1,1,0,0,1,0,0,1,1,0,1,0,0,1,1,0,0,0,0,1
Chickenpox,0,0,1,1,0,1,0,0,1,1,1,0,0,1,0,0,1,1,0,1,0,0,1,1,0,0,0,0,1
Chickenpox,0,0,1,1,0,1,0,0,1,1,1,0,0,1,0,0,1,1,0,1,0,0,1,1,0,0,0,0,1
Chickenpox,0,0,1,1,0,1,0,0,1,1,1,0,0,1,0,0,1,1,0,1,0,0,1,1,0,0,0,0,1
Chickenpox,0,0,1,1,0,1,0,0,1,1,1,0,0,1,0,0,1,1,0,1,0,0,1,1,0,0,0,0,1
Chickenpox,0,0,1,1,0,1,0,0,1,1,1,0,0,1,0,0,1,1,0,1,0,0,1,1,0,0,0,0,1
Chickenpox,0,0,1,1,0,1,0,0,1,1,1,0,0,1,0,0,1,1,0,1,0,0,1,1,0,0,0,0,1
Measles,0,0,0,0,0,1,0,0,1,0,1,0,0,0,1,0,0,1,0,0,0,0,1,0,1,0,0,1,0
Measles,0,0,0,0,0,1,0,0,1,0,1,0,0,0,1,0,0,1,0,0,0,0,1,0,1,0,0,1,0
Measles,0,0,0,0,0,1,0,0,1,0,1,0,0,0,1,0,0,1,0,0,0,0,1,0,1,0,0,1,0
Measles,0,0,0,0,0,1,0,0,1,0,1,0,0,0,1,0,0,1,0,0,0,0,1,0,1,0,0,1,0
Measles,0,0,0,0,0,1,0,0,1,0,1,0,0,0,1,0,0,1,0,0,0,0,1,0,1,0,0,1,0
Measles,0,0,0,0,0,1,0,0,1,0,1,0,0,0,1,0,0,1,0,0,0,0,1,0,1,0,0,1,0
Measles,0,0,0,0,0,1,0,0,1,0,1,0,0,0,1,0,0,1,0,0,0,0,1,0,1,0,0,1,0
Measles,0,0,0,0,0,1,0,0,1,0,1,0,0,0,1,0,0,1,0,0,0,0,1,0,1,0,0,1,0
Measles,0,0,0,0,0,1,0,0,1,0,1,0,0,0,1,0,0,1,0,0,0,0,1,0,1,0,0,1,0
Measles,0,0,0,0,0,1,0,0,1,0,1,0,0,0,1,0,0,1,0,0,0,0,1,0,1,0,0,1,0
Measles,0,0,0,0,0,1,0,0,1,0,1,0,0,0,1,0,0,1,0,0,0,0,1,0,1,0,0,1,0
Measles,0,0,0,0,0,1,0,0,1,0,1,0,0,0,1,0,0,1,0,0,0,0,1,0,1,0,0,1,0
Measles,0,0,0,0,0,1,0,0,1,0,1,0,0,0,1,0,0,1,0,0,0,0,1,0,1,0,0,1,0
Measles,0,0,0,0,0,1,0,0,1,0,1,0,0,0,1,0,0,1,0,0,0,0,1,0,1,0,0,1,0
Measles,0,0,0,0,0,1,0,0,1,0,1,0,0,0,1,0,0,1,0,0,0,0,1,0,1,0,0,1,0
Measles,0,0,0,0,0,1,0,0,1,0,1,0,0,0,1,0,0,1,0,0,0,0,1,0,1,0,0,1,0
Measles,0,0,0,0,0,1,0,0,1,0,1,0,0,0,1,0,0,1,0,0,0,0,1,0,1,0,0,1,0
Measles,0,0,0,0,0,1,0,0,1,0,1,0,0,0,1,0,0,1,0,0,0,0,1,0,1,0,0,1,0
Measles,0,0,0,0,0,1,0,0,1,0,1,0,0,0,1,0,0,1,0,0,0,0,1,0,1,0,0,1,0
Measles,0,0,0,0,0,1,0,0,1,0,1,0,0,0,1,0,0,1,0,0,0,0,1,0,1,0,0,1,0
Measles,0,0,0,0,0,1,0,0,1,0,1,0,0,0,1,0,0,1,0,0,0,0,1,0,1,0,0,1,0
Measles,0,0,0,0,0,1,0,0,1,0,1,0,0,0,1,0,0,1,0,0,0,0,1,0,1,0,0,1,0
Measles,0,0,0,0,0,1,0,0,1,0,1,0,0,0,1,0,0,1,0,0,0,0,1,0,1,0,0,1,0
Measles,0,0,0,0,0,1,0,0,1,0,1,0,0,0,1,0,0,1,0,0,0,0,1,0,1,0,0,1,0
Measles,0,0,0,0,0,1,0,0,1,0,1,0,0,0,1,0,0,1,0,0,0,0,1,0,1,0,0,1,0
Measles,0,0,0,0,0,1,0,0,1,0,1,0,0,0,1,0,0,1,0,0,0,0,1,0,1,0,0,1,0
Measles,0,0,0,0,0,1,0,0,1,0,1,0,0,0,1,0,0,1,0,0,0,0,1,0,1,0,0,1,0
Measles,0,0,0,0,0,1,0,0,1,0,1,0,0,0,1,0,0,1,0,0,0,0,1,0,1,0,0,1,0
Measles,0,0,0,0,0,1,0,0,1,0,1,0,0,0,1,0,0,1,0,0,0,0,1,0,1,0,0,1,0
Measles,0,0,0,0,0,1,0,0,1,0,1,0,0,0,1,0,0,1,0,0,0,0,1,0,1,0,0,1,0
Measles,0,0,0,0,0,1,0,0,1,0,1,0,0,0,1,0,0,1,0,0,0,0,1,0,1,0,0,1,0
Measles,0,0,0,0,0,1,0,0,1,0,1,0,0,0,1,0,0,1,0,0,0,0,1,0,1,0,0,1,0
Measles,0,0,0,0,0,1,0,0,1,0,1,0,0,0,1,0,0,1,0,0,0,0,1,0,1,0,0,1,0
Measles,0,0,0,0,0,1,0,0,1,0,1,0,0,0,1,0,0,1,0,0,0,0,1,0,1,0,0,1,0
Measles,0,0,0,0,0,1,0,0,1,0,1,0,0,0,1,0,0,1,0,0,0,0,1,0,1,0,0,1,0
Measles,0,0,0,0,0,1,0,0,1,0,1,0,0,0,1,0,0,1,0,0,0,0,1,0,1,0,0,1,0
